zip,accountnumber
77015,95614
77095,28945
77018,62750
77057,90785
77449,47617
G775AJ,31402
77020,35616
77450,10616
77080,22620
77066,78986
77091,38611
77093,14286
77074,12033
77479,80755
77450,61596
77568,89825
77021,57739
77083,94926
78934,73333
77095,36709
77356,23034
77068,20030
77020,63029
77074,58803
77007,30694
77479,80041
77010,68488
77081,53241
AL4 9RS,87118
77502,20729
NA,62849
77007,16613
77273,32171
21075,17716
NA,22948
77406,74123
77098,61399
77062,47237
78415,90860
77523,79317
77077,98481
77058,59907
77479,30235
77095,81373
NA,48702
77450,28687
77049,51444
77063,73951
78612,69201
77503,26260
77584,97053
77084,46889
77086,33804
77407,15700
77581,64517
77077,81876
77584,37092
77584,34682
77080,10853
77075,31060
77012,36562
77011,98119
77080,81238
77009,22734
77571,92361
77008,13709
77023,34894
77098,53997
77035,59087
77407,77565
77083,77766
77098,23573
77396,51180
77024,48593
77096,37509
77044,63151
77007,49681
NA,20099
77379,91107
70809,46565
NA,88009
77003,15251
77581,29103
77007,47939
GU14 7DD,98000
77304,86288
77009,47715
77573,79499
77007,54227
77447,74494
77003,12638
77488,64139
77064,90057
75702,67542
77494,66002
77077,40350
77489,18222
77015,45386
78735,52635
77070,42234
77084,23644
77039,46175
77029,13447
NA,60805
NA,31732
77095,46570
NA,14755
75941,32066
77345,89610
77396,87040
77054,68252
77084,83630
77459,34096
77023,32371
77094,94192
77494,37304
77573,31956
77449,23217
77389,31009
77007,85846
77502,21499
77019,16259
77840,20274
77396,59681
77060,29875
77713,11561
77573,40004
77843,10842
77379,79326
NA,61252
77090,84580
77060,60257
77077,24365
77388,65182
68521,44520
77007,76587
77338,44820
77057,93661
77015,17038
NA,80046
77459,13758
77055,83515
77388,77060
77032,54717
77098,68563
77080,63427
77047,50341
77503,74640
77088,54101
77078,85859
77365,98325
77027,51041
77019,73042
77429,28704
77380,45585
77396,74442
77087,33637
77057,98390
40102,45675
77098,94015
H1M 2S5,50340
77345,19921
NA,12448
77002,52304
77008,48555
77396,19898
90212,40735
NA,28597
77044,78774
NA,37813
77027,14412
77018,33592
77070,26691
77004,40040
NA,60666
77382,64581
77539,17789
77808,54805
77049,99746
77008,88644
77054,67206
77396,16739
77060,10003
77379,36285
77029,67025
77494,24798
NA,67706
77086,90243
77379,26286
77003,73265
78526,22166
77006,58113
77079,12694
77013,59033
NA,22586
77066,50872
77385,37148
77016,81243
77070,76211
77598,19166
77492,57014
77469,51900
77086,37101
75835,49420
575568,72375
77459,64472
77477,81539
77044,47428
77009,70336
77584,90991
77401,74864
77346,47242
77257,33713
NA,59856
77039,74627
77045,76451
77079,50203
70435,71262
77584,52848
77054,62798
77043,83940
77014,50301
NA,34239
77375,52241
77429,84021
NA,15055
NA,99829
77063,58752
NA,74475
77471,43600
77375,14573
77396,96020
77234,20031
NA,49298
75120,30570
77.35,84565
77375,74791
94070,24037
78540,22607
77478,63874
NA,32087
77020,15317
NA,19344
77070,47858
77077,80154
77414,23566
NA,19316
78251,77117
76040,43690
77494,42959
77506,65058
NA,97290
77338,44168
77598,12274
77584,54628
77007,83482
77003,52019
77002,53324
77062,30762
77379,82952
77586,65727
77084,82080
77024,84104
77433,86098
77365,44957
77013,96612
77572,59526
77302,63040
77036,56386
77379,81576
77064,13632
77566,80083
77009,59428
NA,95572
77079,88332
70508,90378
77586,47088
77339,99949
78634,61549
77007,20870
77020,33149
77016,29165
77386,27066
77087,29305
77093,16882
77007,98249
75901,24482
78626,95366
NA,83039
77094,13713
76065,87763
77009,65884
77345,64436
77058,97912
78414,76136
78610,55147
77523,27044
77433,50182
NA,25572
77355,56047
77449,41115
77088,22794
77062,90698
NA,68775
77662,35632
78599,53726
77017,11466
77077,83754
NA,23544
77089,87741
77520,15760
77056,12525
77098,50331
NA,83365
NA,43796
78719,22755
29115,72154
77304,32660
77070,30580
77008,94081
77442,46162
77339,88781
77035,50373
78739,33767
77515,45712
77063,45721
77072,17706
NA,80726
77073,61582
77642,99365
77503,20573
77027,24035
77064,30593
77024,71882
NA,48092
77554,59812
77025,50860
77584,82739
77388,77679
77064,86164
77494,16906
77433,73784
NA,13592
77064,93885
77459,59653
77075,91494
77040,23655
77345,29491
NA,53208
77054,20719
77433,67555
77347,88810
NA,26224
77088,54913
77566,66438
NA,87922
77523,84764
77099,60293
41543,36348
77380,31405
77377,33370
77441,38536
77541,93896
70769,16672
77042,76149
77077,26240
77069,91833
77008,86463
77023,95211
77494,57370
77070,71758
NA,22222
77515,22908
77420,39319
77005,94550
77494,15951
77494,28925
77354,24982
77469,94188
77381,14532
77429,22735
77379,45093
NA,22324
77429,77305
77045,48151
77005,15220
77318,41707
77429,73358
77381,99344
77530,23383
77083,24113
77098,38948
77498,95889
77061,23824
70508,98691
90044,46130
77441,19447
77379,54270
77449,20047
77092,44202
77515,72843
77546,95108
77511,46215
77024,63179
77063,80347
78374,35055
77494,17388
77020,21830
77502,53799
77017,25053
77035,60948
NA,43136
77396,54527
77098,59591
77027,78162
77076,61404
77429,78716
77494,30423
77089,29842
77227,13842
77494,17343
77354,31270
77386,98601
77095,73261
77494,72213
77503,29640
77450,93768
77504,51889
77057,36614
77032,56005
94549,29957
78664,58458
77338,14528
77338,67922
77035,27790
77025,20566
77060,81304
77002,16145
NA,37802
77077,34115
77387,53475
77043,68114
77429,82430
77433,11934
77381,89481
NA,58239
77007,19022
NA,15326
77386,35885
77039,99166
90630,13932
77406,37797
NA,59358
77025,79498
77088,66463
77401,36652
1040,18744
77057,31871
77031,64000
77059,92484
77072,28394
77018,12427
77007,94904
77365,17825
77011,95303
77083,96957
38117,96287
77407,14872
77584,38882
77007,19715
77008,44556
78504,66333
76134,12571
77373,64018
77018,34144
77459,60128
77007,73486
77441,17387
NA,77127
77449,63504
NA,80797
77098,23455
NA,78984
77840,31348
75034,71950
NA,22612
77008,87088
88008,38952
NA,80527
77554,38505
92127,41835
NA,37511
NA,16489
NA,31250
NA,40978
NA,27569
NA,47168
NA,26724
NA,23656
95060,51555
NA,51160
77037,60887
77055,71035
NA,51736
NA,70009
NA,24160
NA,26658
77056,34011
NA,10261
NA,62705
NA,83340
NA,45538
NA,19847
78201,23348
NA,96387
NA,43429
NA,33530
NA,64799
NA,93642
NA,31870
NA,93710
NA,74218
NA,89262
NA,24486
NA,89744
NA,90955
NA,70210
NA,39165
NA,96781
NA,72992
NA,60322
NA,15610
NA,20776
NA,84153
NA,20108
NA,22843
NA,35030
NA,69324
NA,31057
NA,19179
NA,45654
NA,29100
NA,78083
NA,80881
77388,22532
77521,86329
77379,92610
77072,43890
77565,43763
77339,81485
77060,39171
77092,21561
77028,96384
77396,49771
77379,98844
77346,62927
77055,77939
77388,52974
77530,38405
10507,85456
77027,31345
77053,42704
77449,49972
77377,24625
75785,23274
77377,49035
77081,12714
77598,10362
77081,39963
NA,56013
77075,62458
77429,44134
77494,62821
77469,34961
77338,44136
NA,83110
NA,14377
77018,63257
NA,33808
77012,10184
77008,99590
77024,38112
77450,17310
NA,52669
77034,84958
77036,72519
77070,44360
77340,35859
77493,44241
78599,56683
77014,50466
77021,14430
77565,33861
77004,22547
77041,64415
77073,89709
NA,21088
NA,82773
77046,35197
77375,89685
NA,23754
77033,73074
77546,57887
77016,91054
77065,80848
77095,37170
77571,99247
77099,58982
23322,66727
77449,67876
NA,14347
77084,24654
77429,11520
77050,78795
77035,51865
77006,14708
5500,94191
77230,70454
77386,52911
47906,68939
77019,92646
NA,91826
60622,20169
77441,63534
NA,94797
NA,51456
77396,89067
77009,59187
77016,74368
77584,42767
NA,75122
NA,19765
77407,72139
NA,96061
77493,47849
96929,61192
68134,36319
NA,85927
NA,81940
77006,39972
NA,45408
77007,75274
NA,55553
77007,58079
77479,63011
77007,20049
NA,62214
77027,95836
77045,57826
77316,70097
70461,23874
NA,85598
NA,12069
77020,72469
NA,93923
NA,31516
NA,44089
NA,65145
NA,69492
NA,58571
NA,43295
NA,53231
NA,26704
77087,11224
NA,47195
NA,17783
NA,50046
NA,87689
NA,99575
NA,70416
NA,10123
NA,65329
NA,30103
NA,69807
NA,38785
NA,66897
NA,76847
NA,78308
NA,27183
NA,68327
NA,69189
NA,10344
NA,53190
NA,51079
NA,38037
NA,33105
NA,33632
NA,19162
NA,84184
NA,87426
NA,39377
NA,15262
NA,18674
NA,42484
NA,81061
NA,82089
NA,23859
NA,44767
NA,70150
NA,98588
NA,93913
NA,74387
NA,53461
NA,69090
NA,51031
NA,48255
NA,74800
NA,35094
77019,66026
77388,31131
77057,19042
77389,34006
77381,59185
77079,91261
77450,92997
77024,44731
77024,46488
77005,82869
77598,97506
77024,81244
77346,44835
77002,82044
77059,99327
77479,16438
770184319,69125
77385,84431
77388,45358
77379,58157
77057,32646
77379,54614
77532,63877
77382,50113
77006,77020
77389,35336
77377,89370
77027,27359
77584,79814
77007,87110
77025,38254
77479,74328
77459,84375
77003,79209
77023,85648
77041,27416
77449,45367
77379,48775
77377,85432
77040,12344
77024,57558
77006,56374
77510,20984
77056,68819
77005,91381
76109,13450
77065,16621
77429,17445
77064,86913
770052743,90541
773511123,77350
77013,29101
77379,33812
77581,52056
77008,70542
77406,16086
77057,26927
775366486,90028
775733037,77846
77357,88870
77088,89934
77019,32975
77493,97000
77002,98934
70123,27243
77356,33231
77380,99064
77096,88184
77041,52450
77089,87586
77030,18347
775844949,13183
77433,51967
775735949,69812
77479,84506
77002,45922
77042,39255
77023,95526
775396943,85350
770845242,70527
77511,73495
77406,35646
770355009,41723
77089,20707
77429,70786
77459,32263
77511,60777
77379,29510
77401,25980
77573,74920
77520,57611
77492,55479
77494,82301
77539,56958
77006,16153
77040,29558
77022,62435
77079,80067
770831413,37199
77373,54698
770655077,81782
77077,53098
77021,49123
77373,35102
77008,98907
77429,26780
77027,80643
77008,46026
77450,18824
77586,70300
77586,12624
77064,27726
77345,80762
77520,44588
77057,73412
77459,68784
77089,27392
770584004,21478
770396016,17226
77536,24192
77536,71752
77459,90923
77381,64635
77401,24489
77007,92471
77042,38130
77096,64473
77044,63802
77062,23783
77038,92347
772671586,55272
77009,95700
775815521,26678
77002,71096
77005,90439
770924134,30877
770062539,61017
77025,74026
77007,39484
77433,79581
77389,20362
77339,32182
77396,70276
77346,59599
77477,16433
77584,23470
77532,27150
77002,64149
77095,44592
77079,56860
77493,25180
77532,32624
77095,54943
77584,59289
77511,75161
77070,13567
77030,39549
77024,19760
77024,27808
77074,67260
77009,77906
77003,81062
77083,29577
77385,80244
77015,18905
77414,70443
77007,73425
77079,44417
77024,79014
77584,29592
77018,40209
77450,97748
77065,26833
77030,45003
77479,65995
77081,93251
77019,87481
77539,67801
77038,54433
77478,25251
77009,66287
77090,23228
77251,37411
77023,39865
77007,46000
77429,98830
77254,18408
77093,14715
77054,46911
77385,17762
77064,83069
77386,19534
77002,21300
77450,15066
77318,70082
77479,74206
77055,85961
77546,78916
77587,67087
77084,52210
77058,27374
77006,53249
77388,82814
773821076,55988
77471,19113
77080,66206
77573,99325
77229,99276
77346,73391
77005,87546
77005,13005
77583,64580
77056,88141
77573,18519
78613,45132
773823900,34791
77459,78590
77573,24977
77029,88016
77521,34213
77046,96696
77573,67696
77018,27064
77379,83260
77943,45480
77057,59371
77003,65697
77024,54150
77038,28189
77008,92721
78645,95513
77005,95829
77429,62892
77028,68705
77006-1202,70048
77055,13334
77068,50444
77069,71831
77007,53132
77017,55359
77008,87238
77005,88033
77406,61726
77584,27489
77059,67201
77584,87706
77469,34941
770845705,13033
77064,57169
77041,12971
77573,55160
77035,18139
77007,17510
77381,34820
77025,15845
77055,63320
77433,49824
77049,28761
77072,12467
77479,19773
77030,90907
77373,96188
77008,58229
77004,43056
77379,99225
77002,46500
77511,11073
64034,59132
77523,91947
77062,37074
770557624,53794
77091,33148
77096,10015
77009,55726
770941171,65506
77385,96537
77063,69626
77441,99059
77011,96452
77007,99242
77251,41183
77007,14707
77008,21378
77433,98483
77007,37147
77545,75456
77546,56573
77573,51285
77494,97644
77566,97314
77545,13491
77077,32095
77005,98309
77008,80834
77011,57084
77006,27554
77021,29699
77075,90984
77546,21592
77006,29961
77020,34865
77401,27127
77379,53347
77095,73599
77009,64666
77008,68963
77008,14827
77024,65220
77002,10566
77505,14749
77055,83247
77024,13051
770583076,66346
770072801,57760
77062,55852
770396308,39079
77029,44514
77086,33437
770928023,80436
77098,49404
77048,43414
77096,16774
77511,80665
770023094,63759
77026,89670
77429,65905
77379,34226
77055,90521
77429,16064
77546,86047
77029,92116
77450,71914
77012,21687
77038,86750
77002,28794
77586-3338,47223
77070,17522
77006,52139
77099,21027
77055,44300
77546,55491
77009,57270
77521,50697
77573,23216
77006,50409
77004,82573
77389,22407
77075,62993
77469,20267
77004,30144
77373,33364
770064210,51876
77027,74682
77038,64934
77007,21596
77002,64939
77018,49684
77055,62609
77571,57372
77057,39788
77005,16703
77029,49445
77040,49769
77020,42536
77022,84624
77584,32233
77019,71769
77024,65301
77316,90093
77079,26719
77429,91004
77396,30557
77401,83296
77040,74639
77079,38055
77062,72633
77089,58411
77584,46542
77026,11635
77009,64842
77450,60278
77429,37136
77005,82554
77026,77396
77075,15218
77089,81022
77469,33455
77084,65514
77006,69814
77002,66683
77055,19767
77096,77718
77096,56096
77089,10769
77536,42051
77084,35319
77009,98552
77043,35825
77586,15045
77073,78145
77010,68720
77532,70911
77003,81224
77057,42275
77057,85992
77019,67872
77056,73633
77074,33301
77479,65683
77407,83276
77005,73005
77039,24883
77339,37929
77056,17167
77025,94984
77096,81165
770662426,41185
77060,45334
77092,63619
77035,10768
77018,84334
77546,69512
77379,41702
76710,11060
77388,97472
77449,21084
77375,61273
77009,94790
775365944,79593
77007,57205
77494,95500
770453705,60882
770556645,45702
77093,60106
773041315,42911
770061110,92015
77044,92049
77057,71775
77018,46510
77003,61646
773964217,52740
77084,22488
77019,36944
77441,74425
77494,56847
77079,79354
77379,77896
770364843,28115
77099,18335
77551,13097
770571159,45175
77489,53221
77479,14180
77080,88003
77057,29648
77581,90585
77008,68035
77479,51262
77380,58369
77406,63352
77586,63903
77005,32090
77406,22062
77396,17034
77046,17577
77003,72557
77096,65738
77040,16465
77479,59208
77584,28090
77005,34109
77546,18022
77095,93782
77479,25001
775085158,32780
78737,70629
77041,18141
77345,46941
77080,86753
77406,24260
77085,17889
77091,41611
77039,43642
77521,46327
77584,29466
77479,35202
77007,41190
77002,30561
77584,11016
77006,40847
77070,30250
77010,19943
77396,42220
77089,92374
77380,94385
77007,18600
77083,88961
77031,96673
77096,57070
77063,32373
77018,80606
77046,52345
77054,54665
77477,63344
77375,13609
77018,34556
77011,73463
77027,79678
770245506,95958
77061,52120
77005,36742
77046,81365
77005,49572
77573,86963
77032,38036
77019,65831
77020,22554
77055,59298
77096,97830
77061,67124
77059,57045
77009,43532
77062,76633
77098,43528
77433,15553
77377,75297
77007,47564
77006,61762
79762,72248
77023,60391
77586,79496
774508220,37623
77079,94035
77429,27834
77573,64660
77429,11248
77006,41926
77088,56409
77581,37164
77532,90873
77551,22355
77077,13740
77042,48237
77073,25343
77027,17401
77089,14678
77089,96092
77489,82875
77080,13710
77041,39374
 77498,38700
77006,11693
77084,67754
77069,76931
77003,23721
77450,86943
77433,73154
77406,52969
77302,60123
77083,15030
77565,27166
77098,37300
77057,25438
77584,55777
77013,75550
77002,41514
77042,44740
770892283,34432
77018,61714
77547,42081
77381,17120
770556805,67797
77058,35548
775787815,65908
77025,50922
770984305,77018
773771657,35085
77494,30542
77007,81621
77007,25415
77098,96595
77008,50059
77325,68797
77009,37918
77019,68859
77009,17394
77084,71899
77063,17547
77099,10041
77024,95658
77396,35296
77003,36548
77584,79213
77502,20466
77379,96700
77015,50076
77034,94443
77060,97659
77055,67712
77064,26442
77381,85550
77015,17496
77019,83061
77003,68603
77006,92779
77546,30448
77381,58860
77060,86457
77494,96486
78753,86565
77055,69312
77063,54186
77063,40574
77511,50056
77429,50781
77536,82758
77018,26660
77054,36084
77092,63411
77084,45739
77044,40125
77007,25196
77005,84886
77070,33656
77065,58145
77002,71289
77007,85867
77008,30379
77530,20101
77433,26552
77435,24749
77002,45792
77546,92417
77043,48196
77433,93553
77057,18884
77413,38794
77009,65378
77339,57003
77377,16230
77005,17920
77008,10686
77573,37747
77003,59269
79410,28315
77494,80487
77571,88995
77019,59300
77091,38427
77072,97267
77511,32505
77077,38279
77067,66590
77035,24022
77003,19657
77055,23698
77504,38684
77023,23921
77418,79876
77450,90892
76155,89684
77437,78244
77034,84579
77005,75859
77339,16345
77023,91211
77479,89244
77007,68005
77040,87720
77076,18473
77023,79464
77003,85864
77546,12343
77002,60152
77077,85287
774335780,74855
77586,67419
77385,92149
77382,56284
77007,96643
77345,59281
77546,85684
77479,72505
77340,36733
77083,98733
77006,98567
77282,94829
77092,26222
77018,23889
77007,40851
70601,23151
77007,24094
77346,44708
77375,19938
77003,11291
77414,51379
77573,21636
77044,14019
77063,72954
77339,15994
77057,98671
77006,33427
77056,86217
77041,27917
77064,49615
77372,59134
77027,89673
77581,38329
77035,10794
77025,73281
77030,92902
77055,80724
77057,94737
77020,51809
77002,35518
77018,17885
77006,76987
77006,14040
77024,57589
77025,64233
77009,45847
77058,34077
94928,55759
77008,43193
77003,10910
77005,83816
77005,17453
77018,28646
77396,56427
77396,65816
77018,40458
77345,62203
77043,58737
77396,23142
77584,33973
77551,84824
77059,15134
77077,70055
77024,43047
77338,83620
77005,41008
77006,65964
77406,66830
77007,58201
77009,64443
77044,56179
77044,23792
22302,21433
77345,84712
77002,62695
77008,88384
77286,16361
77546,18292
77302,17190
77095,71787
77061,40392
77382,41290
77401,11525
77005,48335
77006,17102
77479,57196
77339,90269
77018,81213
77249,60416
77019,78231
77020,68915
77072,14859
77546,71122
77055,81527
77093,55609
77040,25906
77345,38452
77080,51223
77042,45136
77096,84883
77017,56155
77042,16738
77060,38113
77055,66709
77003,99752
77346,95858
77041,76922
77489,36638
77365,39460
77096,13807
77073,65981
77402,97557
77573,65175
77346,86221
77010,66599
77043,78447
77346,92207
77346,92496
77006,49745
77057,85619
77098,79926
77003,93005
77018,28319
77389,67255
77249,28689
77008,81694
77410,34110
77384,78045
77030,46768
77080,69047
77023,68985
77336,96656
77096,92053
77598,35508
77357,52050
77045,64288
77546,50356
77545,37073
77382,46802
77375,21870
77450,67033
77062,95001
77546,77974
77449,65762
77020,77828
77059,68944
77062,65728
78028,49341
77061,79093
77459,86436
773452069,52884
77449,37659
77017,25693
77084,89779
77023,75082
77055,54807
77018,97387
77388,97579
77511,49994
77057,48330
77591,94821
77084,11284
770273801,35184
77479,49904
774293540,37075
77018,76692
77546,64435
77382,81653
775732544,14998
77433-5514,83189
77584,77273
770632802,71179
77006,65024
774505537,47963
77429,99506
770754748,78226
77005,36175
775366632,40079
775153817,53954
77401,70330
77057,55101
770052004,17415
77386,95125
77340,17236
77479,72123
77539,74889
774944470,93675
770636110,21725
77450,74598
774015003,80125
77004,48115
77510,78394
77044,17529
77008,30210
774932639,90961
77011,75526
775849127,77751
77008,19660
775462924,27895
770704201,57168
77004,15993
77002,99319
77046,78829
77063,57156
77365,80895
77002,99046
77024,48271
77566,39766
77479,34406
77018,58076
77095,21017
77041,29629
77449,39121
77346-1720,55456
77004,42619
77581,84152
77382,84150
77389,75046
77036,49026
77040,15219
770407650,73469
770885048,34979
773857714,15067
77041,88519
77007,56113
770771112,24647
77006,43680
77042,20713
770636151,15041
770247213,22498
77401,22108
77002,63068
77381,46181
773461936,17039
77004,92715
77002,31364
77375,49995
775324912,80400
77479,41390
AB15 9DP,85624
774295376,98972
77021,55924
77414,94265
77057,78816
77035,54941
77459,55699
77040,85006
77401,95586
77290-0515,59056
77030,95077
77096,75899
77578,71761
77469,67261
77008,29571
773391997,48260
77003,97944
773814187,82815
77377,19185
77459,53838
77536,87237
77377,77957
77002,16494
77802,42195
77006,75819
77009,33617
77459,30735
77063,22541
77057,28878
77002,56433
77339,79043
774066585,81610
77005,56989
77382,22402
77008,86272
77098,34753
774792135,57316
78597,46782
77477,33992
77020,65341
77007,35451
770187406,86811
77429,60341
77007,34743
770245512,36804
77546,42202
77536,41282
77025,70441
78132,54229
773796577,70047
77583,15991
774331365,17421
77079,57201
77057,22503
77005,38435
77030,69416
77384,32072
770433305,90443
770925636,47921
774015004,12466
77010,29496
77584,99520
77339,87279
774696179,78031
77008,87243
77048,54851
773546424,59745
773853555,94373
77018,73011
775364067,24989
77002,53716
77056,18164
77025,90405
77406,20547
77025,73321
77584,37039
77354,18742
43230,90969
77008,30734
77092,11512
77025,55618
77095,98847
77479,22474
77012,21679
77450,40357
77479,30847
77054,62063
774594313,25336
775394413,56484
77380,49099
77293,49920
770052324,94075
770982551,12892
775815143,95827
774015003,86299
778688498,31414
77043,63829
77055,15477
77063,70670
770052354,60732
770053932,79070
77027,66606
77024,59336
77571,18015
77401,22686
78641,23113
77284,50689
77025,35258
77072,70948
77479,24515
77505,32316
90025,98021
77586,11522
77494,34606
770084247,14530
77401,85868
770941167,55746
770796129,71464
77036,26842
77008,19641
77039,55636
77077,81102
77379,44750
77041,18166
77494,78094
77382,25568
77345,58236
77379,34001
77062,36038
77510,61525
77484,16587
77381,52443
77379,77722
770064006,77006
77063,12084
77006,57864
77584,47260
77036,85892
77006,81651
77423,58472
77441,51801
77019,72138
77423,69307
77011,73587
77005,94323
77007,12742
77063,10796
77262,85033
77087,38637
77030,36869
77006,53698
77447,94965
77064,95524
78676,33624
77092,53971
775365263,10320
77301,47944
77088,87448
77584,94663
77059,36516
77040,84743
77489,36455
77007,34435
78704,44863
77345,87817
77089,62788
775546393,39481
77032,85232
78701,25953
77584,70216
77056,44924
77546,25849
77087,50218
77004,66927
77026,39476
77479,70951
77386,29413
77433,56604
77090,79736
77055,79660
770407645,57215
77546,88722
77550,33720
77301,21858
77075,80950
77459,36963
775054327,82352
77429,65331
77075,29340
77002,91139
77478,36043
77401,20795
77021,46646
77006,25552
77523,13123
77587,80754
77057,50707
77034,48399
77072,48429
77450,19163
77041,50387
77060,41324
77024,85632
775365029,43623
77024,44521
77423,42274
77494,37331
77027,56936
77338,92376
770923020,32613
77478,89445
77433,59792
77019,22975
77020,24459
77080,67855
77018,43835
77032,14960
77502,72521
77027,58423
77433,39618
77584,59291
77429,14957
772130940,78425
77003,36778
77379,14455
77038,83730
770102017,96879
77379,17782
77043,88111
77010,12619
77573,77750
77043,36436
77531,25903
77040,20314
77059,65210
77081,36294
77379,53354
77459,61904
77057,19523
77067,57207
77057,54155
77356,26132
77478,96352
77088,47526
77008,12883
77346,50234
77035,62026
77095,49028
77084,27857
77041,40271
77043,81802
77079,47680
77449,17151
77578,36549
77095,97957
77041,60869
77024,29888
77007,28314
77005,45327
77081,59928
77066,15519
77504,15384
77019,15961
77004,10352
77048,39787
77020,68220
77064,65592
77459,82568
77043,95406
77098,29904
77058,55648
77377,31605
77012,28638
77019,20042
77379,47477
77032,22979
77429,84554
77429,75856
77459,92283
77070,87953
77002,51115
77054,93366
77023,34202
77373,30284
77057,18881
77020,87572
77002,28002
77074,13460
77375,42080
77084,19480
77019,43200
77396,54692
77573,71483
77002,31115
77423,70133
77077,75729
77009,47290
77365,66449
77035,63994
77020,19451
77058,36077
77584,34270
77043,64323
77023,19584
77009,93510
77005,97064
77546,32555
77043,63315
77031,88671
77084,33345
77023,90732
77478,63221
77494,14074
77080,99106
77377,44850
77084,10594
77009,77811
77009,95816
77008,14016
77042,59333
77019,47224
77023,59209
77459,44564
77494,60265
77389,49969
77365,18448
77043,57772
77075,81618
77057,80156
77584,65875
77479,42668
78935,64025
77586,84114
77006,82408
77581,13274
77379,51010
77459,26179
77069,33534
77546,69258
77041,80120
77062,71562
77063,72595
77042,52932
77096,14159
77003,39330
77002,20140
77449,16979
77346,24801
77346,37814
77018,58460
77065,57225
77062,90571
77076,13954
77441,17188
77584,68500
77007,27805
77459,25927
77539,36247
77018,84304
77493,47354
77339,90764
77079,14937
77441,13498
77018,62895
77018,22633
77094,54380
77083,15434
77433,12852
77584,70418
77486,79904
77355,30567
78362,95853
77581,97524
77030,39567
77002,81752
77042,23380
77449,49978
77379,53795
77002,20610
77381,59496
77386,15861
77017,58281
77546,37961
77586,76396
75149,25892
77057,64638
77006,57968
77035,24224
77429,50286
77389,68269
77083,75020
77581,27563
77079,76127
77066,71770
77573,29785
77006,31951
77042,50461
77362,66634
77396,80793
77095,84002
77023,86734
77493,38777
77041,38326
77005,60733
77087,85342
77087,35687
77093,83458
77019,76670
77003,71857
77023,20298
77429,48849
77019,24000
77346,32015
77316,45152
77095,36490
77043,27656
77007,76129
77494,80865
77581,81009
77401,94304
77032,56982
77087,99121
77573,30663
77007,78547
77043,18190
77059,94669
77006,99513
77469,35263
77581,10058
77099,55597
77568,79697
77546,31264
77053,54744
77497,78337
77002,99808
77006,67963
77008,12939
77009,78406
77379,82253
77030,37257
77449,63883
77459,59441
77388,52729
77584,39810
77005,69151
77006,77912
77090,92082
77025,14356
77030,33182
77020,84284
77009,66674
77057,35697
77573,24513
77059,86761
77070,89820
77573,34645
77072,54082
77494,37641
77046,37758
77459,63201
77598,42548
77429,51376
77059,82018
77002,59685
77479,56745
77076,49755
77008,34597
77057,31977
77016,79469
77357,58846
77024,32706
77386,34463
77381,62140
77095,30571
77381,16124
77004,40770
77051,79595
77375,97986
77049,87449
77584,65333
77065,53321
77079,95675
77573,91396
77088,69353
77041,86503
77396,22321
77056,51040
77546,78895
77375,26050
77089,84077
77062,50871
77429,61622
77433,14891
77389,72214
77550,63399
77018,52427
77578,19254
77571,16928
77396,70742
77503,40953
77571,10148
77067,98950
77058,64454
77504,14529
77089,77429
77494,86657
77045,77605
77008,60067
77008,84705
77002,77317
77089,76653
77006,76970
77346,68222
77450,69685
77096,84994
77057,82844
77018,27840
77379,44444
77090,82092
77503,60851
77389,57799
77086,87725
77511,65850
77006,33220
77005,96477
77373,16994
77377,34490
77019,21926
77011,15136
77388,53947
77029,85960
77064,68509
77011,29202
77010,95848
77002,23464
77479,74917
77459,88454
77429,99655
77018,20555
77098,29678
77006-1828,37595
77092,48040
77536,72368
77098,77693
77017,43944
77346,57750
77004,50131
77012,20434
77073,58604
77087,46862
77494,71372
77025,20414
77388,88331
77498,75845
77379,51643
77041,41393
77381,42517
77433,14725
77023,29330
77023,48332
77581,92506
77486,10754
77006,90900
71405,51036
77040,81518
77584,51853
77494,97118
77578,18201
77056,56029
77584,84421
77098,50532
77002,82533
77008,77279
77459,41726
77382,99591
77845,37907
77007,13697
77503,54789
77027,13374
77573,43534
77089,41368
77833,84831
77004,55429
77598,17811
77505,14828
77087,49153
77005,96533
77005,84301
77007,11499
77586,74444
77005,36155
77049,27721
77007,73830
77036,33236
77055,27727
77477,58127
77042,58392
77006,33372
770985301,70760
77381,11690
77002,19248
77584,87540
78739,75023
77093,99305
77573,31577
77598,74875
77429,25742
77035,43048
77018,82849
77007,90694
77479,79647
77006,45224
77007,62541
77007,85882
77346,11657
77082,11101
77433,15368
77018,27109
77005,95046
77007,67681
77479,67924
77532,92480
77057,28369
77002,22987
77590,98013
77041,12104
77459,38247
77373,59225
77092,97641
77080,86799
77084,81839
77584,74281
77706,49685
77449,43039
77345,43413
77024,19843
77046,96811
77373,82763
77059,46903
77375,80057
77382,19393
77018,33271
77573,35888
77084,84726
77004,90800
77386,62853
77008,45158
77008,32145
77571,60347
77006,82013
64081,66152
77062,51500
77086,59408
77063,27548
77092,88589
77523,47110
77479,40679
77388,82577
77382,14764
77346,25851
77379,68925
77301,66725
77386,13490
77009,95133
77094,99814
77098,91033
77062,58047
77502,17534
77018,54972
77554,82765
77450,79307
77079,12008
77566,40179
77020,99802
77003,91185
77345,24429
77024,33694
77022,60492
77064,64795
77346,44250
77080,30596
77401,96900
77006,35405
77345,80406
77018,12438
77573,80054
77024,33802
77084,70713
77057,55417
77057,17058
77008,93030
77037,70335
77339,52231
77401,64966
77007,19000
77044,92258
77025,10290
77045,55040
77017,52460
77536,86782
77003,47848
77479,31883
77045,45601
77003,51626
77459,67601
770180,47519
77584,27089
77059,95537
77494,99181
77089,86341
77573,14368
77031,27046
77084,32862
77075,28398
77441,93829
77571,11792
77090,62632
77075,85153
77002,46851
77060,33528
77012,94782
77030,67370
77521,75208
77009,50825
77096,36741
77386,26194
77584,62243
77099,23124
77089,99703
77008,22623
77075,11539
77574,45808
77089,21306
77494,21013
77095,17125
77306,40801
77479,73852
77086,92698
77008,22332
77380,97067
77096,19463
77064,28209
77077,13021
77429,52915
77007,73095
77008,82197
77381,90303
77029,91850
77386,76941
77396,55374
77494,40669
77007,99086
77024,71500
77546,27943
77092,58573
77041,60625
77077,38869
77055,45996
77386,50344
77076,66461
77041,96809
77316,86832
77034,38313
77019,35099
77515,88415
77429,70514
77345,85543
77003,47518
77019,60738
77346,60147
77059,68643
77459,70955
76502,71159
77380,90185
77044,20057
77375,29271
77042,22403
77450,53462
77089,82328
77459,91395
77407,27269
77479,99863
77073,27038
77520,38862
77042,67075
77571,53095
77581,95499
77075,78600
77080,38166
77584,61326
77536,89082
77063,48054
77084,99951
77385,52215
77009,29522
77008,75188
77385,10551
77025,51310
77346,88153
77072,93039
77006,60734
77042,44450
77008,82861
77006,82701
77025,63775
77057,96364
77043,28637
77041,53782
77027,89028
770233534,73160
770791203,29251
772294728,12943
772230827,52517
770274069,26727
770326017,69482
770735500,35011
77070,12235
77008,11110
77099,62613
77062,84981
77041,70467
77571,20737
77007,11422
77328,93844
77494,75478
77007,78393
77573,99279
77013,20956
77094,64358
77375,82052
77003,22390
77384,60175
77546,54872
77023,85731
77003,36245
77047,78178
77346,88668
77536,51225
77338,70788
77573,90824
77058,69905
77550,21933
77096,91205
77040,53189
77007,44873
77566,63367
77090,70265
77011,60315
77365,36428
77046,36981
77449,17569
77530,86334
77346,17693
77062,20372
77382,66903
77535,56790
77546,17373
77047,19798
77096,81716
77479,73961
77007,31368
77219,45200
77008,25144
77441,38118
77573,19621
77584,14348
77381,41815
76502,74705
77018,70646
77007,27094
77075,49322
77006,90211
77005,22956
77003,13653
77382,82432
77571,98028
77521,91303
77005,16761
77005,20246
77032,63908
77536,20483
77379-4508,29432
77007,31943
77027,23260
77024,39081
77382,65542
77003,87212
77061,36031
77546,84755
77535,86330
77536,27845
77380,36663
77009,21032
77041,15359
77406,88586
77433,88466
77375,83397
77057,98256
77477,24782
77016,45394
77054,86982
77388,17284
77494,38587
77002,56839
77584,15305
77479,23727
77084,48358
77056,92089
77061,18445
77006,34102
77381,37281
77386,74941
77046,61553
77065,62020
77076,10215
77011,76530
77007,60197
77035,95187
77092,51248
77060,15444
77051,13301
77532,62075
77583,36537
77002,51527
77401,23643
77581,81912
77003,61743
77004,24393
77074,51945
77029,33005
77478,24109
77006,95678
77008,11510
77373,64597
77006,28524
77070,25709
77009,78220
77072,89753
77049,83893
77005,62859
77018,45649
77573,82145
77009,64217
77040,82916
77041,60758
77062,46963
77075,18684
77018,99888
77007,81005
77019,63609
77581,38143
77045,44149
77494,82423
77479,27411
77587,56221
77365,72310
77082,35169
77009,21004
77581,30058
77005,17794
77069,22572
77057,33535
77009,34647
77022,75135
77005,93635
77401,54935
77079,50085
77566,45302
77006,13848
77002,33131
77080,12815
77008,40323
77079,56608
77006,79131
77536,99270
77046,96465
77063,66746
77346,51167
77479,97187
77504,18492
92624,77056
77073,16881
77063,15622
77530,47918
77087,24549
77478,27431
77545,19107
77025,36929
77007,86739
77071,54432
90034,65391
77036,22715
77014,36028
77479,20973
77041,44428
77006,17585
77055,83981
77002,30988
77396,36727
77345,91394
77024,64932
77494,23740
77027,80114
77469,91371
77573,78700
77095,92940
77379,44853
77049,85838
77002,60810
77316,93209
77060,67614
77077,36997
77384,65886
77573,54648
77038,25212
77053,59895
77081,65320
77406,88428
77034,69140
77093,33981
77433,11304
77092,17350
77006,74578
77459,65097
77459,17712
77084,71138
77098,71986
77094,27451
77006,75972
77083,91778
77459,50946
77009,92240
77530,11451
77578,13864
77010,87274
77396,16675
77550,99625
77498,76151
77095,30253
77007,28772
77478,58958
77386,99236
77098,33793
77066,21925
77429,87011
77008,87030
77003,27065
77098,32593
77006,93581
77067,18664
77056,41483
77581,51464
77006,73728
77494,47814
77058,47909
77020,51174
77530,54374
77429,72346
77008,54317
77092,86509
77021,10435
77521,65880
77018,72787
77706,62474
77494,75335
77006,29131
77573,21710
77345,70306
77433,13129
77539,25309
77003,38687
77025,32104
77007,46037
77080,51406
77009,29616
77053,20282
77098,51811
77081,12910
77019,47862
77003,80090
77083,68605
77066,14119
77019,67661
77373,93230
77003,69555
77095,18162
77007,41193
77042,64575
77581,14475
77018,37879
77406,79707
77074,14052
77005,47668
78575,51981
77018,68711
77018,94311
77539,39002
77471,54003
77532,94108
77077,26036
77520,86641
77006,77801
77095,92518
77433,96665
77018,21081
77007,82014
77053,58548
77019,54446
77089,96676
77586,30312
77065,61537
77096,22638
77018,87631
77573,59701
77433,92682
77002,48742
77546,80746
77095,86944
77019,12080
77070,80442
77009,10117
77494,41261
77035,22789
77005,20307
77388,52297
77388,19299
77493,89021
77056,95097
77024,76743
77379,80767
77019,79161
77079,94474
77339,29551
77069,97558
77581,74021
77109,52319
77598,36495
77429,51080
77075,16873
77046,91421
77067,23429
77486,87388
77003,31439
77498,41764
77584,73691
77075,67921
77406,26739
77008,56294
77573,34794
77494,93168
77459,31083
77041,87038
77041,80016
77506,62127
78259,16306
77536,50896
77407,83144
77386,69339
77062,11633
77013,39299
77433,33178
77042,28905
77386,80103
77062,20419
77450,39808
77049,36595
77045,24557
77087,40569
77007,32420
77029,47456
77478,87903
77019,51636
77520,35361
77056,76313
77019,80914
77006,15635
77073,57249
77041,31947
66216,97271
77085,19301
77536,26196
77027,62294
77379,79512
77032,76666
77007,29535
77070,19532
77017,39036
77047,83437
77354,16246
77043,59528
77504,77967
77056,12775
77010,77583
77014,34257
77006,50903
77064,18902
77089,88635
77006,81060
77546,49818
77042,97938
77019,17803
77004,43740
77059,65637
77546,26708
77024,52663
77087,69710
77049,77443
77550,68790
77586,95140
77386,29482
77566,50837
NA,81511
77007,21357
77017,49717
77018,32606
77063,73287
77573,92516
77038,78573
77035,91554
77536,75927
77005,85889
77578,30416
77511,41315
77006,48071
77009,18454
77968,14066
77057,77423
77063,13906
77450,11204
77074,82090
77092,55841
77006,72233
77077,93920
77094,24266
77396,72459
77571,38885
77402,24963
77027,79543
77002,40294
77085,12829
77014,69848
77072,35831
77077,22152
77006,87929
77586,23517
77003,62794
77007,49348
77018,66947
77030,90414
77007,55885
77051,78278
77429,13846
77502,28440
77407,94991
77365,18498
77074,25628
77035,29401
77019,15021
77021,37677
77598,97688
77058,52097
77017,43894
77018,19616
77535,67590
77056,56938
77018,52758
77092,42968
77573,36411
77384,35302
77083,57051
77833,13465
77362,52017
77407,98749
77060,99777
77019,79181
77433,34588
77024,93731
77055,55538
77346,49175
77379,15833
77042,84259
77040,36753
77096,76501
77373,31582
77562,45161
77030,72462
78933,80590
77506,62453
77019,86187
77429,50434
77541,64881
77053,42231
77007,81326
77573,90846
77018,25291
77535,78075
77002,41135
77024,87001
77546,71516
77345,73601
77015,25128
77072,17975
77389,27549
77041,30260
77373,62345
77072,14598
77069,77088
77532,24508
77968,78941
77459,21931
77087,53142
77057,21416
77081,51366
77024,13385
77047,91049
77584,76828
77581,33332
77089,85422
77429,84415
77024,84838
77023,34586
78956,34752
77386,79898
77504,76830
77089,77767
77003,47836
77009,74987
77081,90011
77039,59091
77530,32900
77057,25881
77441,16596
77098,86501
77072,59018
77003,52536
77494,88495
77004,94746
77003,29773
77041,76814
77388,27378
77045,25795
77375,26126
77024,49875
77039,31370
77379,46032
77062,84238
77591,56019
77005,95490
77379,80065
77441,74231
77521,16839
77498,84285
77546,82629
77077,71729
77449,77596
77022,62182
77025,24079
77346,26247
77007,29739
77494,16488
77498,50486
77357,49454
77546,18494
77057,98828
77396,50365
77089,91785
77041,98276
77092,54855
77003,15513
77092,24385
77092,95759
77002,23900
77037,67656
77406,22080
77494,92852
77003,25122
77010,70990
77084,78543
77009,49896
77092,92425
77327,81447
77072,98748
77573,83602
77489,15992
77002,16763
77083,72152
77379,38830
77003,50658
77469,89936
77479,64793
78722,43717
77057,35247
77498,94239
77008,82872
77549,27113
77015,36935
77056,54182
77004,43776
77053,94134
77043,53287
77386,66652
77054,36699
77035,67049
77581,21809
77204,74622
77573,26755
77026,64600
77494,14712
77396,34471
77019,45307
77573,10906
77004,18243
77009,64129
77379,56601
770253522,34982
77095,99345
77008,98491
77020,84277
77077,96396
77068,79795
77041,12639
77050,58258
77459,49832
77584,13208
77590,96801
77079,85351
77044,59876
77006,55984
77477,46832
77038,81190
77006,24715
77401,92039
77489,37963
77027,66894
77477,61987
77071,12418
77049,41863
77494,66440
77030,32133
77449,36010
77007-1317,86726
77013,94067
77092,86030
77079,25995
77064,26526
77566,12634
77502,75826
77379,46939
77339,98892
77345,48751
77406,33781
77581,87115
77037,55173
77018,56707
77077,36092
77061,14389
77345,52250
77586,11602
77063,13706
77493,79135
77074,18522
77060,36577
77046,43318
77023,13668
77429,51711
77077,96263
77573,69740
77384,28466
77573,85258
77042,71291
77584,19794
77004,63618
77006,90948
77088,38545
77459,19729
77009,96554
NA,79015
77019,55693
77020,94060
77079,94593
77346,36128
77386,59530
77095,19509
77802,34577
77082,43727
77089,26783
77584,76274
77005,28845
70563,29268
77586,97355
77562,40348
77002,15230
77093,46955
77093,99662
77433,19436
77019,12906
77339,86952
77059,22662
77523,73700
77023,97846
77338,77523
77044,48727
77706,50924
77401,17818
77054,44173
77396,38179
77379,34166
77081,31984
77433,77241
77511,60819
77024,56238
77459,59860
77025,64416
77057,96391
77087,45933
77546,10559
77449,50236
77477,26492
77035,60816
70301,68507
77388,42050
77024,67291
77063,73090
77406,97638
77008,91922
77064,28247
77094,98629
NA,87928
77017,37067
77379,86789
77066,36037
77015,73564
77062,86129
77386,83830
77450,36032
77584,34929
75904,74904
77536,27402
77389,61603
77480,11181
77089,47287
77541,55286
77064,55495
77477,55269
90057,29995
77406,57177
77003,41109
77433,62670
77015,38673
77098,41202
77386,71446
77066,57330
77845,74820
77365,45185
77345,91511
77494,86829
77084,50857
77012,77588
77095,53116
77089,81257
77061,51516
77801,63191
77060,51396
77656,47961
77072,19479
77007,34835
77088,80020
NA,88207
77076,18917
77003,64979
77459,38372
77063,36524
77573,29563
77098,53303
77012,29796
77057,80021
77059,76736
77003,78249
77598,52184
77007,81119
77095,25207
NA,45196
77073,59029
77018,99373
77479,52409
77657,27922
77076,28606
77077,12891
77086,48036
78735,50724
77025,89279
77018,55961
77034,61656
77581,67886
77573,48985
75090,20472
77379,17760
77018,66805
77373,20199
77423,75080
77385,66382
NA,59272
77581,27693
77388,88956
77046,37145
77044,85557
77056,49144
77469,19270
77073,37062
77450,43669
77009,65447
77365,14936
NA,92093
77521,98154
78258,68118
77339,55244
77388,38960
77450,30870
77002,21320
77584,11944
77480,41710
77008,12564
77038,99803
77021,62930
77379,81908
77338,28676
77351,59392
77065,43467
77373,63550
77578,40363
77055,87860
77060,72934
77023,36794
77379,93806
75028,69598
77008,70003
77018,12645
77046,71490
77058,89760
77003,71058
77494,23759
77494,41994
77008,25329
77062,50649
77027,54653
77379,76161
77449,72754
77063,21237
80023,62858
77406,27265
77459,47208
77018,63837
77429,92102
77005,58512
77338,22211
NA,10240
77493,44437
77581,66625
77590,14604
77002,93058
77539,36017
77096,99299
77546,25786
77027,58907
77063,20989
78254,22002
77386,76949
77586,41056
77075,68116
77036,91024
NA,76850
77502,27659
77043,79883
NA,18286
77381,33893
77502,41666
77089,10475
77388,29427
77075,46127
77007,95363
77591,24289
77003,73690
77346,13250
77429,91845
77578,99741
77044,92891
77037,45958
77083,18528
77043,86883
77304,64138
77002,17567
77098,52481
77008,84765
77008,20552
77007,77433
77450,74806
NA,74024
76119,11579
77007,39718
77407,88634
77401,83761
77056,38870
77355,46232
77047,45963
77064,17610
77065,48061
77571,73983
77012,94634
77096,91870
77523,80361
77449,85686
77042,35014
77067,59381
77035,12977
77388,67741
77030,88985
77498,19521
77055,45448
77019,81011
77449,90535
77388,98994
77027,40329
77494,72684
77515,26250
07871,19748
77044,57382
77375,13006
77084,28162
77007,41902
77389,89463
77407,37496
77054,76525
77041,99266
77531,10315
77080,26195
NA,59335
77007,27508
NA,69051
77469,31455
77584,32054
77035,88487
77482,95879
77084,39609
77049,90811
77064,76477
77546,76315
77018,60516
77024,16012
77011,27270
77449,55453
77531,13878
77019,87355
77459,62779
77356,15463
77494,33712
77084,42883
77087,57152
77018,81033
77041,35927
77062,39552
77012,75243
77502,18395
77375,68295
77003,90012
77030,71205
77223,43339
77006,77622
77003,89503
90274,41861
77079,42848
77515,18721
77515,50323
77494,36027
77389,79727
77503,88128
77365,37474
77598,44794
77494,36015
77502,98034
77504,63500
77584,49536
77584,77320
77043,13971
77056,56499
77051,84020
77043,52219
77379,84098
77062,63794
77070,42958
77099,82846
77536,60377
77377,92618
77478,26082
77339,57523
77099,97060
77042,24277
77077,88606
77082,92433
77006,97984
77098,91273
77044,66167
77023,66932
77386,20182
77096,23265
77563,47366
77521,19382
77396,48531
77035,82077
77494,25096
77380,96576
77007,55360
77087,30262
77227,41678
77007,26258
77083,57187
77034,81039
77571,43714
